Device;Device serial;ID;Date/Time;Value;Unit;Mode;Value2;Unit2;Mode2;Measurement;Calibration;Additional;Sensor;Sensor serial;User
inoLab Multi 9430; 14490252;3;13.10.2020 08:22:49;0,18;mg/l;Ox;20,2;°C;Temp;AR;+++;SC-FDO 925   14450243   t90 = 30 s;FDO 925; 14480154;
inoLab Multi 9430; 14490252;3;13.10.2020 08:22:53;0,18;mg/l;Ox;20,2;°C;Temp;AR;+++;SC-FDO 925   14450243   t90 = 30 s;FDO 925; 14480154;
inoLab Multi 9430; 14490252;3;13.10.2020 08:22:58;0,18;mg/l;Ox;20,2;°C;Temp;AR;+++;SC-FDO 925   14450243   t90 = 30 s;FDO 925; 14480154;
inoLab Multi 9430; 14490252;3;13.10.2020 08:23:03;0,18;mg/l;Ox;20,2;°C;Temp;AR;+++;SC-FDO 925   14450243   t90 = 30 s;FDO 925; 14480154;
inoLab Multi 9430; 14490252;3;13.10.2020 08:23:08;0,19;mg/l;Ox;20,2;°C;Temp;AR;+++;SC-FDO 925   14450243   t90 = 30 s;FDO 925; 14480154;
inoLab Multi 9430; 14490252;3;13.10.2020 08:23:13;0,22;mg/l;Ox;20,2;°C;Temp;;+++;SC-FDO 925   14450243   t90 = 30 s;FDO 925; 14480154;
inoLab Multi 9430; 14490252;3;13.10.2020 08:23:18;0,25;mg/l;Ox;20,2;°C;Temp;;+++;SC-FDO 925   14450243   t90 = 30 s;FDO 925; 14480154;
inoLab Multi 9430; 14490252;3;13.10.2020 08:23:23;0,29;mg/l;Ox;20,2;°C;Temp;;+++;SC-FDO 925   14450243   t90 = 30 s;FDO 925; 14480154;
inoLab Multi 9430; 14490252;3;13.10.2020 08:23:28;0,34;mg/l;Ox;20,2;°C;Temp;;+++;SC-FDO 925   14450243   t90 = 30 s;FDO 925; 14480154;
inoLab Multi 9430; 14490252;3;13.10.2020 08:23:33;0,40;mg/l;Ox;20,2;°C;Temp;;+++;SC-FDO 925   14450243   t90 = 30 s;FDO 925; 14480154;
inoLab Multi 9430; 14490252;3;13.10.2020 08:23:38;0,46;mg/l;Ox;20,2;°C;Temp;;+++;SC-FDO 925   14450243   t90 = 30 s;FDO 925; 14480154;
inoLab Multi 9430; 14490252;3;13.10.2020 08:23:43;0,52;mg/l;Ox;20,2;°C;Temp;;+++;SC-FDO 925   14450243   t90 = 30 s;FDO 925; 14480154;
inoLab Multi 9430; 14490252;3;13.10.2020 08:23:48;0,59;mg/l;Ox;20,2;°C;Temp;;+++;SC-FDO 925   14450243   t90 = 30 s;FDO 925; 14480154;
inoLab Multi 9430; 14490252;3;13.10.2020 08:23:53;0,66;mg/l;Ox;20,2;°C;Temp;;+++;SC-FDO 925   14450243   t90 = 30 s;FDO 925; 14480154;
inoLab Multi 9430; 14490252;3;13.10.2020 08:23:58;0,74;mg/l;Ox;20,2;°C;Temp;;+++;SC-FDO 925   14450243   t90 = 30 s;FDO 925; 14480154;
inoLab Multi 9430; 14490252;3;13.10.2020 08:24:03;0,82;mg/l;Ox;20,2;°C;Temp;;+++;SC-FDO 925   14450243   t90 = 30 s;FDO 925; 14480154;
inoLab Multi 9430; 14490252;3;13.10.2020 08:24:08;0,90;mg/l;Ox;20,2;°C;Temp;;+++;SC-FDO 925   14450243   t90 = 30 s;FDO 925; 14480154;
inoLab Multi 9430; 14490252;3;13.10.2020 08:24:13;0,99;mg/l;Ox;20,2;°C;Temp;;+++;SC-FDO 925   14450243   t90 = 30 s;FDO 925; 14480154;
inoLab Multi 9430; 14490252;3;13.10.2020 08:24:18;1,07;mg/l;Ox;20,2;°C;Temp;;+++;SC-FDO 925   14450243   t90 = 30 s;FDO 925; 14480154;
inoLab Multi 9430; 14490252;3;13.10.2020 08:24:23;1,16;mg/l;Ox;20,2;°C;Temp;;+++;SC-FDO 925   14450243   t90 = 30 s;FDO 925; 14480154;
inoLab Multi 9430; 14490252;3;13.10.2020 08:24:28;1,24;mg/l;Ox;20,2;°C;Temp;;+++;SC-FDO 925   14450243   t90 = 30 s;FDO 925; 14480154;
inoLab Multi 9430; 14490252;3;13.10.2020 08:24:33;1,33;mg/l;Ox;20,2;°C;Temp;;+++;SC-FDO 925   14450243   t90 = 30 s;FDO 925; 14480154;
inoLab Multi 9430; 14490252;3;13.10.2020 08:24:38;1,43;mg/l;Ox;20,2;°C;Temp;;+++;SC-FDO 925   14450243   t90 = 30 s;FDO 925; 14480154;
inoLab Multi 9430; 14490252;3;13.10.2020 08:24:43;1,50;mg/l;Ox;20,2;°C;Temp;;+++;SC-FDO 925   14450243   t90 = 30 s;FDO 925; 14480154;
inoLab Multi 9430; 14490252;3;13.10.2020 08:24:48;1,58;mg/l;Ox;20,2;°C;Temp;;+++;SC-FDO 925   14450243   t90 = 30 s;FDO 925; 14480154;
inoLab Multi 9430; 14490252;3;13.10.2020 08:24:53;1,66;mg/l;Ox;20,2;°C;Temp;;+++;SC-FDO 925   14450243   t90 = 30 s;FDO 925; 14480154;
inoLab Multi 9430; 14490252;3;13.10.2020 08:24:58;1,75;mg/l;Ox;20,2;°C;Temp;;+++;SC-FDO 925   14450243   t90 = 30 s;FDO 925; 14480154;
inoLab Multi 9430; 14490252;3;13.10.2020 08:25:03;1,84;mg/l;Ox;20,2;°C;Temp;;+++;SC-FDO 925   14450243   t90 = 30 s;FDO 925; 14480154;
inoLab Multi 9430; 14490252;3;13.10.2020 08:25:08;1,92;mg/l;Ox;20,2;°C;Temp;;+++;SC-FDO 925   14450243   t90 = 30 s;FDO 925; 14480154;
inoLab Multi 9430; 14490252;3;13.10.2020 08:25:13;2,00;mg/l;Ox;20,2;°C;Temp;;+++;SC-FDO 925   14450243   t90 = 30 s;FDO 925; 14480154;
inoLab Multi 9430; 14490252;3;13.10.2020 08:25:18;2,08;mg/l;Ox;20,2;°C;Temp;;+++;SC-FDO 925   14450243   t90 = 30 s;FDO 925; 14480154;
inoLab Multi 9430; 14490252;3;13.10.2020 08:25:23;2,16;mg/l;Ox;20,2;°C;Temp;;+++;SC-FDO 925   14450243   t90 = 30 s;FDO 925; 14480154;
inoLab Multi 9430; 14490252;3;13.10.2020 08:25:28;2,24;mg/l;Ox;20,2;°C;Temp;;+++;SC-FDO 925   14450243   t90 = 30 s;FDO 925; 14480154;
inoLab Multi 9430; 14490252;3;13.10.2020 08:25:33;2,32;mg/l;Ox;20,2;°C;Temp;;+++;SC-FDO 925   14450243   t90 = 30 s;FDO 925; 14480154;
inoLab Multi 9430; 14490252;3;13.10.2020 08:25:38;2,41;mg/l;Ox;20,2;°C;Temp;;+++;SC-FDO 925   14450243   t90 = 30 s;FDO 925; 14480154;
inoLab Multi 9430; 14490252;3;13.10.2020 08:25:43;2,49;mg/l;Ox;20,2;°C;Temp;;+++;SC-FDO 925   14450243   t90 = 30 s;FDO 925; 14480154;
inoLab Multi 9430; 14490252;3;13.10.2020 08:25:48;2,56;mg/l;Ox;20,2;°C;Temp;;+++;SC-FDO 925   14450243   t90 = 30 s;FDO 925; 14480154;
inoLab Multi 9430; 14490252;3;13.10.2020 08:25:53;2,64;mg/l;Ox;20,2;°C;Temp;;+++;SC-FDO 925   14450243   t90 = 30 s;FDO 925; 14480154;
inoLab Multi 9430; 14490252;3;13.10.2020 08:25:58;2,71;mg/l;Ox;20,2;°C;Temp;;+++;SC-FDO 925   14450243   t90 = 30 s;FDO 925; 14480154;
inoLab Multi 9430; 14490252;3;13.10.2020 08:26:03;2,79;mg/l;Ox;20,2;°C;Temp;;+++;SC-FDO 925   14450243   t90 = 30 s;FDO 925; 14480154;
inoLab Multi 9430; 14490252;3;13.10.2020 08:26:08;2,87;mg/l;Ox;20,2;°C;Temp;;+++;SC-FDO 925   14450243   t90 = 30 s;FDO 925; 14480154;
inoLab Multi 9430; 14490252;3;13.10.2020 08:26:13;2,94;mg/l;Ox;20,2;°C;Temp;;+++;SC-FDO 925   14450243   t90 = 30 s;FDO 925; 14480154;
inoLab Multi 9430; 14490252;3;13.10.2020 08:26:18;3,01;mg/l;Ox;20,2;°C;Temp;;+++;SC-FDO 925   14450243   t90 = 30 s;FDO 925; 14480154;
inoLab Multi 9430; 14490252;3;13.10.2020 08:26:23;3,09;mg/l;Ox;20,2;°C;Temp;;+++;SC-FDO 925   14450243   t90 = 30 s;FDO 925; 14480154;
inoLab Multi 9430; 14490252;3;13.10.2020 08:26:28;3,15;mg/l;Ox;20,2;°C;Temp;;+++;SC-FDO 925   14450243   t90 = 30 s;FDO 925; 14480154;
inoLab Multi 9430; 14490252;3;13.10.2020 08:26:33;3,23;mg/l;Ox;20,2;°C;Temp;;+++;SC-FDO 925   14450243   t90 = 30 s;FDO 925; 14480154;
inoLab Multi 9430; 14490252;3;13.10.2020 08:26:38;3,30;mg/l;Ox;20,2;°C;Temp;;+++;SC-FDO 925   14450243   t90 = 30 s;FDO 925; 14480154;
inoLab Multi 9430; 14490252;3;13.10.2020 08:26:43;3,37;mg/l;Ox;20,2;°C;Temp;;+++;SC-FDO 925   14450243   t90 = 30 s;FDO 925; 14480154;
inoLab Multi 9430; 14490252;3;13.10.2020 08:26:48;3,43;mg/l;Ox;20,2;°C;Temp;;+++;SC-FDO 925   14450243   t90 = 30 s;FDO 925; 14480154;
inoLab Multi 9430; 14490252;3;13.10.2020 08:26:53;3,49;mg/l;Ox;20,2;°C;Temp;;+++;SC-FDO 925   14450243   t90 = 30 s;FDO 925; 14480154;
inoLab Multi 9430; 14490252;3;13.10.2020 08:26:58;3,56;mg/l;Ox;20,2;°C;Temp;;+++;SC-FDO 925   14450243   t90 = 30 s;FDO 925; 14480154;
inoLab Multi 9430; 14490252;3;13.10.2020 08:27:03;3,63;mg/l;Ox;20,2;°C;Temp;;+++;SC-FDO 925   14450243   t90 = 30 s;FDO 925; 14480154;
inoLab Multi 9430; 14490252;3;13.10.2020 08:27:08;3,69;mg/l;Ox;20,2;°C;Temp;;+++;SC-FDO 925   14450243   t90 = 30 s;FDO 925; 14480154;
inoLab Multi 9430; 14490252;3;13.10.2020 08:27:13;3,77;mg/l;Ox;20,2;°C;Temp;;+++;SC-FDO 925   14450243   t90 = 30 s;FDO 925; 14480154;
inoLab Multi 9430; 14490252;3;13.10.2020 08:27:18;3,83;mg/l;Ox;20,2;°C;Temp;;+++;SC-FDO 925   14450243   t90 = 30 s;FDO 925; 14480154;
inoLab Multi 9430; 14490252;3;13.10.2020 08:27:23;3,89;mg/l;Ox;20,2;°C;Temp;;+++;SC-FDO 925   14450243   t90 = 30 s;FDO 925; 14480154;
inoLab Multi 9430; 14490252;3;13.10.2020 08:27:28;3,95;mg/l;Ox;20,2;°C;Temp;;+++;SC-FDO 925   14450243   t90 = 30 s;FDO 925; 14480154;
inoLab Multi 9430; 14490252;3;13.10.2020 08:27:33;4,02;mg/l;Ox;20,2;°C;Temp;;+++;SC-FDO 925   14450243   t90 = 30 s;FDO 925; 14480154;
inoLab Multi 9430; 14490252;3;13.10.2020 08:27:38;4,07;mg/l;Ox;20,2;°C;Temp;;+++;SC-FDO 925   14450243   t90 = 30 s;FDO 925; 14480154;
inoLab Multi 9430; 14490252;3;13.10.2020 08:27:43;4,12;mg/l;Ox;20,2;°C;Temp;;+++;SC-FDO 925   14450243   t90 = 30 s;FDO 925; 14480154;
inoLab Multi 9430; 14490252;3;13.10.2020 08:27:48;4,19;mg/l;Ox;20,2;°C;Temp;;+++;SC-FDO 925   14450243   t90 = 30 s;FDO 925; 14480154;
inoLab Multi 9430; 14490252;3;13.10.2020 08:27:53;4,25;mg/l;Ox;20,2;°C;Temp;;+++;SC-FDO 925   14450243   t90 = 30 s;FDO 925; 14480154;
inoLab Multi 9430; 14490252;3;13.10.2020 08:27:58;4,31;mg/l;Ox;20,2;°C;Temp;;+++;SC-FDO 925   14450243   t90 = 30 s;FDO 925; 14480154;
inoLab Multi 9430; 14490252;3;13.10.2020 08:28:03;4,36;mg/l;Ox;20,2;°C;Temp;;+++;SC-FDO 925   14450243   t90 = 30 s;FDO 925; 14480154;
inoLab Multi 9430; 14490252;3;13.10.2020 08:28:08;4,42;mg/l;Ox;20,2;°C;Temp;;+++;SC-FDO 925   14450243   t90 = 30 s;FDO 925; 14480154;
inoLab Multi 9430; 14490252;3;13.10.2020 08:28:13;4,48;mg/l;Ox;20,2;°C;Temp;;+++;SC-FDO 925   14450243   t90 = 30 s;FDO 925; 14480154;
inoLab Multi 9430; 14490252;3;13.10.2020 08:28:18;4,53;mg/l;Ox;20,2;°C;Temp;;+++;SC-FDO 925   14450243   t90 = 30 s;FDO 925; 14480154;
inoLab Multi 9430; 14490252;3;13.10.2020 08:28:23;4,57;mg/l;Ox;20,2;°C;Temp;;+++;SC-FDO 925   14450243   t90 = 30 s;FDO 925; 14480154;
inoLab Multi 9430; 14490252;3;13.10.2020 08:28:28;4,63;mg/l;Ox;20,2;°C;Temp;;+++;SC-FDO 925   14450243   t90 = 30 s;FDO 925; 14480154;
inoLab Multi 9430; 14490252;3;13.10.2020 08:28:33;4,68;mg/l;Ox;20,2;°C;Temp;;+++;SC-FDO 925   14450243   t90 = 30 s;FDO 925; 14480154;
inoLab Multi 9430; 14490252;3;13.10.2020 08:28:38;4,74;mg/l;Ox;20,2;°C;Temp;;+++;SC-FDO 925   14450243   t90 = 30 s;FDO 925; 14480154;
inoLab Multi 9430; 14490252;3;13.10.2020 08:28:43;4,80;mg/l;Ox;20,2;°C;Temp;;+++;SC-FDO 925   14450243   t90 = 30 s;FDO 925; 14480154;
inoLab Multi 9430; 14490252;3;13.10.2020 08:28:48;4,84;mg/l;Ox;20,2;°C;Temp;;+++;SC-FDO 925   14450243   t90 = 30 s;FDO 925; 14480154;
inoLab Multi 9430; 14490252;3;13.10.2020 08:28:53;4,89;mg/l;Ox;20,2;°C;Temp;;+++;SC-FDO 925   14450243   t90 = 30 s;FDO 925; 14480154;
inoLab Multi 9430; 14490252;3;13.10.2020 08:28:58;4,94;mg/l;Ox;20,2;°C;Temp;;+++;SC-FDO 925   14450243   t90 = 30 s;FDO 925; 14480154;
inoLab Multi 9430; 14490252;3;13.10.2020 08:29:03;4,99;mg/l;Ox;20,2;°C;Temp;;+++;SC-FDO 925   14450243   t90 = 30 s;FDO 925; 14480154;
inoLab Multi 9430; 14490252;3;13.10.2020 08:29:08;5,05;mg/l;Ox;20,2;°C;Temp;;+++;SC-FDO 925   14450243   t90 = 30 s;FDO 925; 14480154;
inoLab Multi 9430; 14490252;3;13.10.2020 08:29:13;5,09;mg/l;Ox;20,2;°C;Temp;;+++;SC-FDO 925   14450243   t90 = 30 s;FDO 925; 14480154;
inoLab Multi 9430; 14490252;3;13.10.2020 08:29:18;5,13;mg/l;Ox;20,2;°C;Temp;;+++;SC-FDO 925   14450243   t90 = 30 s;FDO 925; 14480154;
inoLab Multi 9430; 14490252;3;13.10.2020 08:29:23;5,18;mg/l;Ox;20,2;°C;Temp;;+++;SC-FDO 925   14450243   t90 = 30 s;FDO 925; 14480154;
inoLab Multi 9430; 14490252;3;13.10.2020 08:29:28;5,23;mg/l;Ox;20,2;°C;Temp;;+++;SC-FDO 925   14450243   t90 = 30 s;FDO 925; 14480154;
inoLab Multi 9430; 14490252;3;13.10.2020 08:29:33;5,28;mg/l;Ox;20,2;°C;Temp;;+++;SC-FDO 925   14450243   t90 = 30 s;FDO 925; 14480154;
inoLab Multi 9430; 14490252;3;13.10.2020 08:29:38;5,33;mg/l;Ox;20,2;°C;Temp;;+++;SC-FDO 925   14450243   t90 = 30 s;FDO 925; 14480154;
inoLab Multi 9430; 14490252;3;13.10.2020 08:29:43;5,37;mg/l;Ox;20,2;°C;Temp;;+++;SC-FDO 925   14450243   t90 = 30 s;FDO 925; 14480154;
inoLab Multi 9430; 14490252;3;13.10.2020 08:29:48;5,42;mg/l;Ox;20,2;°C;Temp;;+++;SC-FDO 925   14450243   t90 = 30 s;FDO 925; 14480154;
inoLab Multi 9430; 14490252;3;13.10.2020 08:29:53;5,46;mg/l;Ox;20,2;°C;Temp;;+++;SC-FDO 925   14450243   t90 = 30 s;FDO 925; 14480154;
inoLab Multi 9430; 14490252;3;13.10.2020 08:29:58;5,50;mg/l;Ox;20,2;°C;Temp;;+++;SC-FDO 925   14450243   t90 = 30 s;FDO 925; 14480154;
inoLab Multi 9430; 14490252;3;13.10.2020 08:30:03;5,54;mg/l;Ox;20,2;°C;Temp;;+++;SC-FDO 925   14450243   t90 = 30 s;FDO 925; 14480154;
inoLab Multi 9430; 14490252;3;13.10.2020 08:30:08;5,59;mg/l;Ox;20,2;°C;Temp;;+++;SC-FDO 925   14450243   t90 = 30 s;FDO 925; 14480154;
inoLab Multi 9430; 14490252;3;13.10.2020 08:30:13;5,63;mg/l;Ox;20,2;°C;Temp;;+++;SC-FDO 925   14450243   t90 = 30 s;FDO 925; 14480154;
inoLab Multi 9430; 14490252;3;13.10.2020 08:30:18;5,68;mg/l;Ox;20,2;°C;Temp;;+++;SC-FDO 925   14450243   t90 = 30 s;FDO 925; 14480154;
inoLab Multi 9430; 14490252;3;13.10.2020 08:30:23;5,71;mg/l;Ox;20,2;°C;Temp;;+++;SC-FDO 925   14450243   t90 = 30 s;FDO 925; 14480154;
inoLab Multi 9430; 14490252;3;13.10.2020 08:30:28;5,76;mg/l;Ox;20,2;°C;Temp;;+++;SC-FDO 925   14450243   t90 = 30 s;FDO 925; 14480154;
inoLab Multi 9430; 14490252;3;13.10.2020 08:30:33;5,79;mg/l;Ox;20,2;°C;Temp;;+++;SC-FDO 925   14450243   t90 = 30 s;FDO 925; 14480154;
inoLab Multi 9430; 14490252;3;13.10.2020 08:30:38;5,84;mg/l;Ox;20,2;°C;Temp;;+++;SC-FDO 925   14450243   t90 = 30 s;FDO 925; 14480154;
inoLab Multi 9430; 14490252;3;13.10.2020 08:30:43;5,88;mg/l;Ox;20,2;°C;Temp;;+++;SC-FDO 925   14450243   t90 = 30 s;FDO 925; 14480154;
inoLab Multi 9430; 14490252;3;13.10.2020 08:30:48;5,92;mg/l;Ox;20,2;°C;Temp;;+++;SC-FDO 925   14450243   t90 = 30 s;FDO 925; 14480154;
inoLab Multi 9430; 14490252;3;13.10.2020 08:30:53;5,97;mg/l;Ox;20,2;°C;Temp;;+++;SC-FDO 925   14450243   t90 = 30 s;FDO 925; 14480154;
inoLab Multi 9430; 14490252;3;13.10.2020 08:30:58;5,99;mg/l;Ox;20,2;°C;Temp;;+++;SC-FDO 925   14450243   t90 = 30 s;FDO 925; 14480154;
inoLab Multi 9430; 14490252;3;13.10.2020 08:31:03;6,02;mg/l;Ox;20,2;°C;Temp;;+++;SC-FDO 925   14450243   t90 = 30 s;FDO 925; 14480154;
inoLab Multi 9430; 14490252;3;13.10.2020 08:31:08;6,06;mg/l;Ox;20,2;°C;Temp;;+++;SC-FDO 925   14450243   t90 = 30 s;FDO 925; 14480154;
inoLab Multi 9430; 14490252;3;13.10.2020 08:31:13;6,10;mg/l;Ox;20,2;°C;Temp;;+++;SC-FDO 925   14450243   t90 = 30 s;FDO 925; 14480154;
inoLab Multi 9430; 14490252;3;13.10.2020 08:31:18;6,14;mg/l;Ox;20,2;°C;Temp;;+++;SC-FDO 925   14450243   t90 = 30 s;FDO 925; 14480154;
inoLab Multi 9430; 14490252;3;13.10.2020 08:31:23;6,17;mg/l;Ox;20,2;°C;Temp;;+++;SC-FDO 925   14450243   t90 = 30 s;FDO 925; 14480154;
inoLab Multi 9430; 14490252;3;13.10.2020 08:31:28;6,21;mg/l;Ox;20,2;°C;Temp;;+++;SC-FDO 925   14450243   t90 = 30 s;FDO 925; 14480154;
inoLab Multi 9430; 14490252;3;13.10.2020 08:31:33;6,24;mg/l;Ox;20,2;°C;Temp;;+++;SC-FDO 925   14450243   t90 = 30 s;FDO 925; 14480154;
inoLab Multi 9430; 14490252;3;13.10.2020 08:31:38;6,27;mg/l;Ox;20,2;°C;Temp;;+++;SC-FDO 925   14450243   t90 = 30 s;FDO 925; 14480154;
inoLab Multi 9430; 14490252;3;13.10.2020 08:31:43;6,31;mg/l;Ox;20,2;°C;Temp;;+++;SC-FDO 925   14450243   t90 = 30 s;FDO 925; 14480154;
inoLab Multi 9430; 14490252;3;13.10.2020 08:31:48;6,34;mg/l;Ox;20,2;°C;Temp;;+++;SC-FDO 925   14450243   t90 = 30 s;FDO 925; 14480154;
inoLab Multi 9430; 14490252;3;13.10.2020 08:31:53;6,37;mg/l;Ox;20,2;°C;Temp;;+++;SC-FDO 925   14450243   t90 = 30 s;FDO 925; 14480154;
inoLab Multi 9430; 14490252;3;13.10.2020 08:31:58;6,41;mg/l;Ox;20,2;°C;Temp;;+++;SC-FDO 925   14450243   t90 = 30 s;FDO 925; 14480154;
inoLab Multi 9430; 14490252;3;13.10.2020 08:32:03;6,44;mg/l;Ox;20,2;°C;Temp;;+++;SC-FDO 925   14450243   t90 = 30 s;FDO 925; 14480154;
inoLab Multi 9430; 14490252;3;13.10.2020 08:32:08;6,47;mg/l;Ox;20,2;°C;Temp;;+++;SC-FDO 925   14450243   t90 = 30 s;FDO 925; 14480154;
inoLab Multi 9430; 14490252;3;13.10.2020 08:32:13;6,50;mg/l;Ox;20,2;°C;Temp;;+++;SC-FDO 925   14450243   t90 = 30 s;FDO 925; 14480154;
inoLab Multi 9430; 14490252;3;13.10.2020 08:32:18;6,53;mg/l;Ox;20,2;°C;Temp;;+++;SC-FDO 925   14450243   t90 = 30 s;FDO 925; 14480154;
inoLab Multi 9430; 14490252;3;13.10.2020 08:32:23;6,57;mg/l;Ox;20,2;°C;Temp;;+++;SC-FDO 925   14450243   t90 = 30 s;FDO 925; 14480154;
inoLab Multi 9430; 14490252;3;13.10.2020 08:32:28;6,61;mg/l;Ox;20,2;°C;Temp;;+++;SC-FDO 925   14450243   t90 = 30 s;FDO 925; 14480154;
inoLab Multi 9430; 14490252;3;13.10.2020 08:32:33;6,64;mg/l;Ox;20,2;°C;Temp;;+++;SC-FDO 925   14450243   t90 = 30 s;FDO 925; 14480154;
inoLab Multi 9430; 14490252;3;13.10.2020 08:32:38;6,67;mg/l;Ox;20,2;°C;Temp;;+++;SC-FDO 925   14450243   t90 = 30 s;FDO 925; 14480154;
inoLab Multi 9430; 14490252;3;13.10.2020 08:32:43;6,69;mg/l;Ox;20,2;°C;Temp;;+++;SC-FDO 925   14450243   t90 = 30 s;FDO 925; 14480154;
inoLab Multi 9430; 14490252;3;13.10.2020 08:32:48;6,71;mg/l;Ox;20,2;°C;Temp;;+++;SC-FDO 925   14450243   t90 = 30 s;FDO 925; 14480154;
inoLab Multi 9430; 14490252;3;13.10.2020 08:32:53;6,75;mg/l;Ox;20,2;°C;Temp;;+++;SC-FDO 925   14450243   t90 = 30 s;FDO 925; 14480154;
inoLab Multi 9430; 14490252;3;13.10.2020 08:32:58;6,77;mg/l;Ox;20,2;°C;Temp;;+++;SC-FDO 925   14450243   t90 = 30 s;FDO 925; 14480154;
inoLab Multi 9430; 14490252;3;13.10.2020 08:33:03;6,80;mg/l;Ox;20,2;°C;Temp;;+++;SC-FDO 925   14450243   t90 = 30 s;FDO 925; 14480154;
inoLab Multi 9430; 14490252;3;13.10.2020 08:33:08;6,84;mg/l;Ox;20,2;°C;Temp;;+++;SC-FDO 925   14450243   t90 = 30 s;FDO 925; 14480154;
inoLab Multi 9430; 14490252;3;13.10.2020 08:33:13;6,86;mg/l;Ox;20,2;°C;Temp;;+++;SC-FDO 925   14450243   t90 = 30 s;FDO 925; 14480154;
inoLab Multi 9430; 14490252;3;13.10.2020 08:33:18;6,88;mg/l;Ox;20,2;°C;Temp;;+++;SC-FDO 925   14450243   t90 = 30 s;FDO 925; 14480154;
inoLab Multi 9430; 14490252;3;13.10.2020 08:33:23;6,91;mg/l;Ox;20,2;°C;Temp;;+++;SC-FDO 925   14450243   t90 = 30 s;FDO 925; 14480154;
inoLab Multi 9430; 14490252;3;13.10.2020 08:33:28;6,94;mg/l;Ox;20,2;°C;Temp;;+++;SC-FDO 925   14450243   t90 = 30 s;FDO 925; 14480154;
inoLab Multi 9430; 14490252;3;13.10.2020 08:33:33;6,97;mg/l;Ox;20,2;°C;Temp;;+++;SC-FDO 925   14450243   t90 = 30 s;FDO 925; 14480154;
inoLab Multi 9430; 14490252;3;13.10.2020 08:33:38;6,99;mg/l;Ox;20,2;°C;Temp;;+++;SC-FDO 925   14450243   t90 = 30 s;FDO 925; 14480154;
inoLab Multi 9430; 14490252;3;13.10.2020 08:33:43;7,04;mg/l;Ox;20,2;°C;Temp;;+++;SC-FDO 925   14450243   t90 = 30 s;FDO 925; 14480154;
inoLab Multi 9430; 14490252;3;13.10.2020 08:33:48;7,06;mg/l;Ox;20,2;°C;Temp;;+++;SC-FDO 925   14450243   t90 = 30 s;FDO 925; 14480154;
inoLab Multi 9430; 14490252;3;13.10.2020 08:33:53;7,07;mg/l;Ox;20,2;°C;Temp;;+++;SC-FDO 925   14450243   t90 = 30 s;FDO 925; 14480154;
inoLab Multi 9430; 14490252;3;13.10.2020 08:33:58;7,09;mg/l;Ox;20,2;°C;Temp;;+++;SC-FDO 925   14450243   t90 = 30 s;FDO 925; 14480154;
inoLab Multi 9430; 14490252;3;13.10.2020 08:34:03;7,11;mg/l;Ox;20,2;°C;Temp;;+++;SC-FDO 925   14450243   t90 = 30 s;FDO 925; 14480154;
inoLab Multi 9430; 14490252;3;13.10.2020 08:34:08;7,15;mg/l;Ox;20,2;°C;Temp;;+++;SC-FDO 925   14450243   t90 = 30 s;FDO 925; 14480154;
inoLab Multi 9430; 14490252;3;13.10.2020 08:34:13;7,18;mg/l;Ox;20,2;°C;Temp;;+++;SC-FDO 925   14450243   t90 = 30 s;FDO 925; 14480154;
inoLab Multi 9430; 14490252;3;13.10.2020 08:34:18;7,20;mg/l;Ox;20,2;°C;Temp;;+++;SC-FDO 925   14450243   t90 = 30 s;FDO 925; 14480154;
inoLab Multi 9430; 14490252;3;13.10.2020 08:34:23;7,22;mg/l;Ox;20,2;°C;Temp;;+++;SC-FDO 925   14450243   t90 = 30 s;FDO 925; 14480154;
inoLab Multi 9430; 14490252;3;13.10.2020 08:34:28;7,23;mg/l;Ox;20,2;°C;Temp;;+++;SC-FDO 925   14450243   t90 = 30 s;FDO 925; 14480154;
inoLab Multi 9430; 14490252;3;13.10.2020 08:34:33;7,26;mg/l;Ox;20,2;°C;Temp;;+++;SC-FDO 925   14450243   t90 = 30 s;FDO 925; 14480154;
inoLab Multi 9430; 14490252;3;13.10.2020 08:34:38;7,28;mg/l;Ox;20,2;°C;Temp;;+++;SC-FDO 925   14450243   t90 = 30 s;FDO 925; 14480154;
inoLab Multi 9430; 14490252;3;13.10.2020 08:34:43;7,31;mg/l;Ox;20,2;°C;Temp;;+++;SC-FDO 925   14450243   t90 = 30 s;FDO 925; 14480154;
inoLab Multi 9430; 14490252;3;13.10.2020 08:34:48;7,33;mg/l;Ox;20,2;°C;Temp;;+++;SC-FDO 925   14450243   t90 = 30 s;FDO 925; 14480154;
inoLab Multi 9430; 14490252;3;13.10.2020 08:34:53;7,35;mg/l;Ox;20,2;°C;Temp;;+++;SC-FDO 925   14450243   t90 = 30 s;FDO 925; 14480154;
inoLab Multi 9430; 14490252;3;13.10.2020 08:34:58;7,38;mg/l;Ox;20,2;°C;Temp;;+++;SC-FDO 925   14450243   t90 = 30 s;FDO 925; 14480154;
inoLab Multi 9430; 14490252;3;13.10.2020 08:35:03;7,39;mg/l;Ox;20,2;°C;Temp;;+++;SC-FDO 925   14450243   t90 = 30 s;FDO 925; 14480154;
inoLab Multi 9430; 14490252;3;13.10.2020 08:35:08;7,42;mg/l;Ox;20,2;°C;Temp;;+++;SC-FDO 925   14450243   t90 = 30 s;FDO 925; 14480154;
inoLab Multi 9430; 14490252;3;13.10.2020 08:35:13;7,44;mg/l;Ox;20,2;°C;Temp;;+++;SC-FDO 925   14450243   t90 = 30 s;FDO 925; 14480154;
inoLab Multi 9430; 14490252;3;13.10.2020 08:35:18;7,45;mg/l;Ox;20,2;°C;Temp;;+++;SC-FDO 925   14450243   t90 = 30 s;FDO 925; 14480154;
inoLab Multi 9430; 14490252;3;13.10.2020 08:35:23;7,48;mg/l;Ox;20,2;°C;Temp;;+++;SC-FDO 925   14450243   t90 = 30 s;FDO 925; 14480154;
inoLab Multi 9430; 14490252;3;13.10.2020 08:35:28;7,51;mg/l;Ox;20,2;°C;Temp;;+++;SC-FDO 925   14450243   t90 = 30 s;FDO 925; 14480154;
inoLab Multi 9430; 14490252;3;13.10.2020 08:35:33;7,52;mg/l;Ox;20,2;°C;Temp;;+++;SC-FDO 925   14450243   t90 = 30 s;FDO 925; 14480154;
inoLab Multi 9430; 14490252;3;13.10.2020 08:35:38;7,54;mg/l;Ox;20,2;°C;Temp;;+++;SC-FDO 925   14450243   t90 = 30 s;FDO 925; 14480154;
inoLab Multi 9430; 14490252;3;13.10.2020 08:35:43;7,56;mg/l;Ox;20,2;°C;Temp;;+++;SC-FDO 925   14450243   t90 = 30 s;FDO 925; 14480154;
inoLab Multi 9430; 14490252;3;13.10.2020 08:35:48;7,58;mg/l;Ox;20,2;°C;Temp;;+++;SC-FDO 925   14450243   t90 = 30 s;FDO 925; 14480154;
inoLab Multi 9430; 14490252;3;13.10.2020 08:35:53;7,60;mg/l;Ox;20,2;°C;Temp;;+++;SC-FDO 925   14450243   t90 = 30 s;FDO 925; 14480154;
inoLab Multi 9430; 14490252;3;13.10.2020 08:35:58;7,62;mg/l;Ox;20,3;°C;Temp;;+++;SC-FDO 925   14450243   t90 = 30 s;FDO 925; 14480154;
inoLab Multi 9430; 14490252;3;13.10.2020 08:36:03;7,62;mg/l;Ox;20,2;°C;Temp;;+++;SC-FDO 925   14450243   t90 = 30 s;FDO 925; 14480154;
inoLab Multi 9430; 14490252;3;13.10.2020 08:36:08;7,64;mg/l;Ox;20,2;°C;Temp;;+++;SC-FDO 925   14450243   t90 = 30 s;FDO 925; 14480154;
inoLab Multi 9430; 14490252;3;13.10.2020 08:36:13;7,66;mg/l;Ox;20,2;°C;Temp;;+++;SC-FDO 925   14450243   t90 = 30 s;FDO 925; 14480154;
inoLab Multi 9430; 14490252;3;13.10.2020 08:36:18;7,68;mg/l;Ox;20,2;°C;Temp;;+++;SC-FDO 925   14450243   t90 = 30 s;FDO 925; 14480154;
inoLab Multi 9430; 14490252;3;13.10.2020 08:36:23;7,69;mg/l;Ox;20,3;°C;Temp;;+++;SC-FDO 925   14450243   t90 = 30 s;FDO 925; 14480154;
inoLab Multi 9430; 14490252;3;13.10.2020 08:36:28;7,71;mg/l;Ox;20,3;°C;Temp;;+++;SC-FDO 925   14450243   t90 = 30 s;FDO 925; 14480154;
inoLab Multi 9430; 14490252;3;13.10.2020 08:36:33;7,73;mg/l;Ox;20,3;°C;Temp;;+++;SC-FDO 925   14450243   t90 = 30 s;FDO 925; 14480154;
inoLab Multi 9430; 14490252;3;13.10.2020 08:36:38;7,75;mg/l;Ox;20,3;°C;Temp;;+++;SC-FDO 925   14450243   t90 = 30 s;FDO 925; 14480154;
inoLab Multi 9430; 14490252;3;13.10.2020 08:36:43;7,76;mg/l;Ox;20,3;°C;Temp;;+++;SC-FDO 925   14450243   t90 = 30 s;FDO 925; 14480154;
inoLab Multi 9430; 14490252;3;13.10.2020 08:36:48;7,80;mg/l;Ox;20,3;°C;Temp;;+++;SC-FDO 925   14450243   t90 = 30 s;FDO 925; 14480154;
inoLab Multi 9430; 14490252;3;13.10.2020 08:36:53;7,81;mg/l;Ox;20,3;°C;Temp;;+++;SC-FDO 925   14450243   t90 = 30 s;FDO 925; 14480154;
inoLab Multi 9430; 14490252;3;13.10.2020 08:36:58;7,81;mg/l;Ox;20,3;°C;Temp;;+++;SC-FDO 925   14450243   t90 = 30 s;FDO 925; 14480154;
inoLab Multi 9430; 14490252;3;13.10.2020 08:37:03;7,82;mg/l;Ox;20,3;°C;Temp;;+++;SC-FDO 925   14450243   t90 = 30 s;FDO 925; 14480154;
inoLab Multi 9430; 14490252;3;13.10.2020 08:37:08;7,85;mg/l;Ox;20,3;°C;Temp;;+++;SC-FDO 925   14450243   t90 = 30 s;FDO 925; 14480154;
inoLab Multi 9430; 14490252;3;13.10.2020 08:37:13;7,86;mg/l;Ox;20,3;°C;Temp;;+++;SC-FDO 925   14450243   t90 = 30 s;FDO 925; 14480154;
inoLab Multi 9430; 14490252;3;13.10.2020 08:37:18;7,88;mg/l;Ox;20,3;°C;Temp;;+++;SC-FDO 925   14450243   t90 = 30 s;FDO 925; 14480154;
inoLab Multi 9430; 14490252;3;13.10.2020 08:37:23;7,89;mg/l;Ox;20,3;°C;Temp;;+++;SC-FDO 925   14450243   t90 = 30 s;FDO 925; 14480154;
inoLab Multi 9430; 14490252;3;13.10.2020 08:37:28;7,90;mg/l;Ox;20,3;°C;Temp;;+++;SC-FDO 925   14450243   t90 = 30 s;FDO 925; 14480154;
inoLab Multi 9430; 14490252;3;13.10.2020 08:37:33;7,91;mg/l;Ox;20,3;°C;Temp;;+++;SC-FDO 925   14450243   t90 = 30 s;FDO 925; 14480154;
inoLab Multi 9430; 14490252;3;13.10.2020 08:37:38;7,94;mg/l;Ox;20,3;°C;Temp;;+++;SC-FDO 925   14450243   t90 = 30 s;FDO 925; 14480154;
inoLab Multi 9430; 14490252;3;13.10.2020 08:37:43;7,95;mg/l;Ox;20,3;°C;Temp;;+++;SC-FDO 925   14450243   t90 = 30 s;FDO 925; 14480154;
inoLab Multi 9430; 14490252;3;13.10.2020 08:37:48;7,96;mg/l;Ox;20,3;°C;Temp;;+++;SC-FDO 925   14450243   t90 = 30 s;FDO 925; 14480154;
inoLab Multi 9430; 14490252;3;13.10.2020 08:37:53;7,97;mg/l;Ox;20,3;°C;Temp;;+++;SC-FDO 925   14450243   t90 = 30 s;FDO 925; 14480154;
inoLab Multi 9430; 14490252;3;13.10.2020 08:37:58;7,99;mg/l;Ox;20,3;°C;Temp;;+++;SC-FDO 925   14450243   t90 = 30 s;FDO 925; 14480154;
inoLab Multi 9430; 14490252;3;13.10.2020 08:38:03;8,00;mg/l;Ox;20,3;°C;Temp;;+++;SC-FDO 925   14450243   t90 = 30 s;FDO 925; 14480154;
inoLab Multi 9430; 14490252;3;13.10.2020 08:38:08;8,02;mg/l;Ox;20,3;°C;Temp;;+++;SC-FDO 925   14450243   t90 = 30 s;FDO 925; 14480154;
inoLab Multi 9430; 14490252;3;13.10.2020 08:38:13;8,03;mg/l;Ox;20,3;°C;Temp;;+++;SC-FDO 925   14450243   t90 = 30 s;FDO 925; 14480154;
inoLab Multi 9430; 14490252;3;13.10.2020 08:38:18;8,05;mg/l;Ox;20,3;°C;Temp;;+++;SC-FDO 925   14450243   t90 = 30 s;FDO 925; 14480154;
inoLab Multi 9430; 14490252;3;13.10.2020 08:38:23;8,05;mg/l;Ox;20,3;°C;Temp;;+++;SC-FDO 925   14450243   t90 = 30 s;FDO 925; 14480154;
inoLab Multi 9430; 14490252;3;13.10.2020 08:38:28;8,07;mg/l;Ox;20,3;°C;Temp;;+++;SC-FDO 925   14450243   t90 = 30 s;FDO 925; 14480154;
inoLab Multi 9430; 14490252;3;13.10.2020 08:38:33;8,09;mg/l;Ox;20,3;°C;Temp;;+++;SC-FDO 925   14450243   t90 = 30 s;FDO 925; 14480154;
inoLab Multi 9430; 14490252;3;13.10.2020 08:38:38;8,11;mg/l;Ox;20,3;°C;Temp;;+++;SC-FDO 925   14450243   t90 = 30 s;FDO 925; 14480154;
inoLab Multi 9430; 14490252;3;13.10.2020 08:38:43;8,12;mg/l;Ox;20,3;°C;Temp;;+++;SC-FDO 925   14450243   t90 = 30 s;FDO 925; 14480154;
inoLab Multi 9430; 14490252;3;13.10.2020 08:38:48;8,13;mg/l;Ox;20,3;°C;Temp;;+++;SC-FDO 925   14450243   t90 = 30 s;FDO 925; 14480154;
inoLab Multi 9430; 14490252;3;13.10.2020 08:38:53;8,14;mg/l;Ox;20,3;°C;Temp;AR;+++;SC-FDO 925   14450243   t90 = 30 s;FDO 925; 14480154;
inoLab Multi 9430; 14490252;3;13.10.2020 08:38:58;8,14;mg/l;Ox;20,3;°C;Temp;AR;+++;SC-FDO 925   14450243   t90 = 30 s;FDO 925; 14480154;
inoLab Multi 9430; 14490252;3;13.10.2020 08:39:03;8,16;mg/l;Ox;20,3;°C;Temp;;+++;SC-FDO 925   14450243   t90 = 30 s;FDO 925; 14480154;
inoLab Multi 9430; 14490252;3;13.10.2020 08:39:08;8,19;mg/l;Ox;20,3;°C;Temp;;+++;SC-FDO 925   14450243   t90 = 30 s;FDO 925; 14480154;
inoLab Multi 9430; 14490252;3;13.10.2020 08:39:13;8,19;mg/l;Ox;20,3;°C;Temp;;+++;SC-FDO 925   14450243   t90 = 30 s;FDO 925; 14480154;
inoLab Multi 9430; 14490252;3;13.10.2020 08:39:18;8,20;mg/l;Ox;20,3;°C;Temp;;+++;SC-FDO 925   14450243   t90 = 30 s;FDO 925; 14480154;
inoLab Multi 9430; 14490252;3;13.10.2020 08:39:23;8,22;mg/l;Ox;20,3;°C;Temp;;+++;SC-FDO 925   14450243   t90 = 30 s;FDO 925; 14480154;
inoLab Multi 9430; 14490252;3;13.10.2020 08:39:28;8,22;mg/l;Ox;20,3;°C;Temp;;+++;SC-FDO 925   14450243   t90 = 30 s;FDO 925; 14480154;
inoLab Multi 9430; 14490252;3;13.10.2020 08:39:33;8,23;mg/l;Ox;20,3;°C;Temp;;+++;SC-FDO 925   14450243   t90 = 30 s;FDO 925; 14480154;
inoLab Multi 9430; 14490252;3;13.10.2020 08:39:38;8,25;mg/l;Ox;20,3;°C;Temp;;+++;SC-FDO 925   14450243   t90 = 30 s;FDO 925; 14480154;
inoLab Multi 9430; 14490252;3;13.10.2020 08:39:43;8,26;mg/l;Ox;20,3;°C;Temp;;+++;SC-FDO 925   14450243   t90 = 30 s;FDO 925; 14480154;
inoLab Multi 9430; 14490252;3;13.10.2020 08:39:48;8,25;mg/l;Ox;20,3;°C;Temp;;+++;SC-FDO 925   14450243   t90 = 30 s;FDO 925; 14480154;
inoLab Multi 9430; 14490252;3;13.10.2020 08:39:53;8,27;mg/l;Ox;20,3;°C;Temp;AR;+++;SC-FDO 925   14450243   t90 = 30 s;FDO 925; 14480154;
inoLab Multi 9430; 14490252;3;13.10.2020 08:39:58;8,28;mg/l;Ox;20,3;°C;Temp;AR;+++;SC-FDO 925   14450243   t90 = 30 s;FDO 925; 14480154;
inoLab Multi 9430; 14490252;3;13.10.2020 08:40:03;8,30;mg/l;Ox;20,3;°C;Temp;;+++;SC-FDO 925   14450243   t90 = 30 s;FDO 925; 14480154;
inoLab Multi 9430; 14490252;3;13.10.2020 08:40:08;8,31;mg/l;Ox;20,3;°C;Temp;;+++;SC-FDO 925   14450243   t90 = 30 s;FDO 925; 14480154;
inoLab Multi 9430; 14490252;3;13.10.2020 08:40:13;8,31;mg/l;Ox;20,3;°C;Temp;;+++;SC-FDO 925   14450243   t90 = 30 s;FDO 925; 14480154;
inoLab Multi 9430; 14490252;3;13.10.2020 08:40:18;8,33;mg/l;Ox;20,3;°C;Temp;;+++;SC-FDO 925   14450243   t90 = 30 s;FDO 925; 14480154;
inoLab Multi 9430; 14490252;3;13.10.2020 08:40:23;8,33;mg/l;Ox;20,3;°C;Temp;;+++;SC-FDO 925   14450243   t90 = 30 s;FDO 925; 14480154;
inoLab Multi 9430; 14490252;3;13.10.2020 08:40:28;8,34;mg/l;Ox;20,3;°C;Temp;AR;+++;SC-FDO 925   14450243   t90 = 30 s;FDO 925; 14480154;
inoLab Multi 9430; 14490252;3;13.10.2020 08:40:33;8,34;mg/l;Ox;20,3;°C;Temp;AR;+++;SC-FDO 925   14450243   t90 = 30 s;FDO 925; 14480154;
inoLab Multi 9430; 14490252;3;13.10.2020 08:40:38;8,37;mg/l;Ox;20,3;°C;Temp;;+++;SC-FDO 925   14450243   t90 = 30 s;FDO 925; 14480154;
inoLab Multi 9430; 14490252;3;13.10.2020 08:40:43;8,39;mg/l;Ox;20,3;°C;Temp;;+++;SC-FDO 925   14450243   t90 = 30 s;FDO 925; 14480154;
inoLab Multi 9430; 14490252;3;13.10.2020 08:40:48;8,39;mg/l;Ox;20,3;°C;Temp;;+++;SC-FDO 925   14450243   t90 = 30 s;FDO 925; 14480154;
inoLab Multi 9430; 14490252;3;13.10.2020 08:40:53;8,41;mg/l;Ox;20,3;°C;Temp;;+++;SC-FDO 925   14450243   t90 = 30 s;FDO 925; 14480154;
inoLab Multi 9430; 14490252;3;13.10.2020 08:40:58;8,41;mg/l;Ox;20,3;°C;Temp;;+++;SC-FDO 925   14450243   t90 = 30 s;FDO 925; 14480154;
inoLab Multi 9430; 14490252;3;13.10.2020 08:41:03;8,43;mg/l;Ox;20,3;°C;Temp;;+++;SC-FDO 925   14450243   t90 = 30 s;FDO 925; 14480154;
inoLab Multi 9430; 14490252;3;13.10.2020 08:41:08;8,43;mg/l;Ox;20,3;°C;Temp;;+++;SC-FDO 925   14450243   t90 = 30 s;FDO 925; 14480154;
inoLab Multi 9430; 14490252;3;13.10.2020 08:41:13;8,44;mg/l;Ox;20,3;°C;Temp;AR;+++;SC-FDO 925   14450243   t90 = 30 s;FDO 925; 14480154;
inoLab Multi 9430; 14490252;3;13.10.2020 08:41:18;8,44;mg/l;Ox;20,3;°C;Temp;AR;+++;SC-FDO 925   14450243   t90 = 30 s;FDO 925; 14480154;
inoLab Multi 9430; 14490252;3;13.10.2020 08:41:23;8,45;mg/l;Ox;20,3;°C;Temp;AR;+++;SC-FDO 925   14450243   t90 = 30 s;FDO 925; 14480154;
inoLab Multi 9430; 14490252;3;13.10.2020 08:41:28;8,47;mg/l;Ox;20,3;°C;Temp;;+++;SC-FDO 925   14450243   t90 = 30 s;FDO 925; 14480154;
inoLab Multi 9430; 14490252;3;13.10.2020 08:41:33;8,47;mg/l;Ox;20,3;°C;Temp;;+++;SC-FDO 925   14450243   t90 = 30 s;FDO 925; 14480154;
inoLab Multi 9430; 14490252;3;13.10.2020 08:41:38;8,48;mg/l;Ox;20,3;°C;Temp;AR;+++;SC-FDO 925   14450243   t90 = 30 s;FDO 925; 14480154;
inoLab Multi 9430; 14490252;3;13.10.2020 08:41:43;8,49;mg/l;Ox;20,3;°C;Temp;AR;+++;SC-FDO 925   14450243   t90 = 30 s;FDO 925; 14480154;
inoLab Multi 9430; 14490252;3;13.10.2020 08:41:48;8,49;mg/l;Ox;20,3;°C;Temp;;+++;SC-FDO 925   14450243   t90 = 30 s;FDO 925; 14480154;
inoLab Multi 9430; 14490252;3;13.10.2020 08:41:53;8,51;mg/l;Ox;20,3;°C;Temp;;+++;SC-FDO 925   14450243   t90 = 30 s;FDO 925; 14480154;
inoLab Multi 9430; 14490252;3;13.10.2020 08:41:58;8,52;mg/l;Ox;20,3;°C;Temp;;+++;SC-FDO 925   14450243   t90 = 30 s;FDO 925; 14480154;
inoLab Multi 9430; 14490252;3;13.10.2020 08:42:03;8,53;mg/l;Ox;20,3;°C;Temp;;+++;SC-FDO 925   14450243   t90 = 30 s;FDO 925; 14480154;
inoLab Multi 9430; 14490252;3;13.10.2020 08:42:08;8,53;mg/l;Ox;20,3;°C;Temp;;+++;SC-FDO 925   14450243   t90 = 30 s;FDO 925; 14480154;
inoLab Multi 9430; 14490252;3;13.10.2020 08:42:13;8,54;mg/l;Ox;20,3;°C;Temp;AR;+++;SC-FDO 925   14450243   t90 = 30 s;FDO 925; 14480154;
inoLab Multi 9430; 14490252;3;13.10.2020 08:42:18;8,54;mg/l;Ox;20,3;°C;Temp;AR;+++;SC-FDO 925   14450243   t90 = 30 s;FDO 925; 14480154;
inoLab Multi 9430; 14490252;3;13.10.2020 08:42:23;8,57;mg/l;Ox;20,3;°C;Temp;;+++;SC-FDO 925   14450243   t90 = 30 s;FDO 925; 14480154;
inoLab Multi 9430; 14490252;3;13.10.2020 08:42:28;8,58;mg/l;Ox;20,3;°C;Temp;;+++;SC-FDO 925   14450243   t90 = 30 s;FDO 925; 14480154;
inoLab Multi 9430; 14490252;3;13.10.2020 08:42:33;8,57;mg/l;Ox;20,3;°C;Temp;;+++;SC-FDO 925   14450243   t90 = 30 s;FDO 925; 14480154;
inoLab Multi 9430; 14490252;3;13.10.2020 08:42:38;8,58;mg/l;Ox;20,3;°C;Temp;AR;+++;SC-FDO 925   14450243   t90 = 30 s;FDO 925; 14480154;
inoLab Multi 9430; 14490252;3;13.10.2020 08:42:43;8,59;mg/l;Ox;20,3;°C;Temp;AR;+++;SC-FDO 925   14450243   t90 = 30 s;FDO 925; 14480154;
inoLab Multi 9430; 14490252;3;13.10.2020 08:42:48;8,60;mg/l;Ox;20,3;°C;Temp;;+++;SC-FDO 925   14450243   t90 = 30 s;FDO 925; 14480154;
inoLab Multi 9430; 14490252;3;13.10.2020 08:42:53;8,61;mg/l;Ox;20,3;°C;Temp;AR;+++;SC-FDO 925   14450243   t90 = 30 s;FDO 925; 14480154;
inoLab Multi 9430; 14490252;3;13.10.2020 08:42:58;8,61;mg/l;Ox;20,3;°C;Temp;AR;+++;SC-FDO 925   14450243   t90 = 30 s;FDO 925; 14480154;
inoLab Multi 9430; 14490252;3;13.10.2020 08:43:03;8,62;mg/l;Ox;20,3;°C;Temp;AR;+++;SC-FDO 925   14450243   t90 = 30 s;FDO 925; 14480154;
inoLab Multi 9430; 14490252;3;13.10.2020 08:43:08;8,62;mg/l;Ox;20,3;°C;Temp;AR;+++;SC-FDO 925   14450243   t90 = 30 s;FDO 925; 14480154;
inoLab Multi 9430; 14490252;3;13.10.2020 08:43:13;8,62;mg/l;Ox;20,3;°C;Temp;AR;+++;SC-FDO 925   14450243   t90 = 30 s;FDO 925; 14480154;
inoLab Multi 9430; 14490252;3;13.10.2020 08:43:18;8,64;mg/l;Ox;20,3;°C;Temp;AR;+++;SC-FDO 925   14450243   t90 = 30 s;FDO 925; 14480154;
inoLab Multi 9430; 14490252;3;13.10.2020 08:43:23;8,65;mg/l;Ox;20,3;°C;Temp;;+++;SC-FDO 925   14450243   t90 = 30 s;FDO 925; 14480154;
inoLab Multi 9430; 14490252;3;13.10.2020 08:43:28;8,65;mg/l;Ox;20,3;°C;Temp;AR;+++;SC-FDO 925   14450243   t90 = 30 s;FDO 925; 14480154;
inoLab Multi 9430; 14490252;3;13.10.2020 08:43:33;8,65;mg/l;Ox;20,3;°C;Temp;AR;+++;SC-FDO 925   14450243   t90 = 30 s;FDO 925; 14480154;
inoLab Multi 9430; 14490252;3;13.10.2020 08:43:38;8,67;mg/l;Ox;20,3;°C;Temp;AR;+++;SC-FDO 925   14450243   t90 = 30 s;FDO 925; 14480154;
inoLab Multi 9430; 14490252;3;13.10.2020 08:43:43;8,68;mg/l;Ox;20,3;°C;Temp;;+++;SC-FDO 925   14450243   t90 = 30 s;FDO 925; 14480154;
inoLab Multi 9430; 14490252;3;13.10.2020 08:43:48;8,68;mg/l;Ox;20,3;°C;Temp;;+++;SC-FDO 925   14450243   t90 = 30 s;FDO 925; 14480154;
inoLab Multi 9430; 14490252;3;13.10.2020 08:43:53;8,69;mg/l;Ox;20,3;°C;Temp;AR;+++;SC-FDO 925   14450243   t90 = 30 s;FDO 925; 14480154;
inoLab Multi 9430; 14490252;3;13.10.2020 08:43:58;8,69;mg/l;Ox;20,3;°C;Temp;AR;+++;SC-FDO 925   14450243   t90 = 30 s;FDO 925; 14480154;
inoLab Multi 9430; 14490252;3;13.10.2020 08:44:03;8,69;mg/l;Ox;20,3;°C;Temp;AR;+++;SC-FDO 925   14450243   t90 = 30 s;FDO 925; 14480154;
inoLab Multi 9430; 14490252;3;13.10.2020 08:44:08;8,71;mg/l;Ox;20,3;°C;Temp;AR;+++;SC-FDO 925   14450243   t90 = 30 s;FDO 925; 14480154;
inoLab Multi 9430; 14490252;3;13.10.2020 08:44:13;8,72;mg/l;Ox;20,3;°C;Temp;AR;+++;SC-FDO 925   14450243   t90 = 30 s;FDO 925; 14480154;
inoLab Multi 9430; 14490252;3;13.10.2020 08:44:18;8,72;mg/l;Ox;20,3;°C;Temp;;+++;SC-FDO 925   14450243   t90 = 30 s;FDO 925; 14480154;
inoLab Multi 9430; 14490252;3;13.10.2020 08:44:23;8,73;mg/l;Ox;20,3;°C;Temp;AR;+++;SC-FDO 925   14450243   t90 = 30 s;FDO 925; 14480154;
inoLab Multi 9430; 14490252;3;13.10.2020 08:44:28;8,73;mg/l;Ox;20,3;°C;Temp;AR;+++;SC-FDO 925   14450243   t90 = 30 s;FDO 925; 14480154;
inoLab Multi 9430; 14490252;3;13.10.2020 08:44:33;8,74;mg/l;Ox;20,3;°C;Temp;AR;+++;SC-FDO 925   14450243   t90 = 30 s;FDO 925; 14480154;
inoLab Multi 9430; 14490252;3;13.10.2020 08:44:38;8,75;mg/l;Ox;20,3;°C;Temp;AR;+++;SC-FDO 925   14450243   t90 = 30 s;FDO 925; 14480154;
inoLab Multi 9430; 14490252;3;13.10.2020 08:44:43;8,74;mg/l;Ox;20,3;°C;Temp;AR;+++;SC-FDO 925   14450243   t90 = 30 s;FDO 925; 14480154;
inoLab Multi 9430; 14490252;3;13.10.2020 08:44:48;8,74;mg/l;Ox;20,3;°C;Temp;AR;+++;SC-FDO 925   14450243   t90 = 30 s;FDO 925; 14480154;
inoLab Multi 9430; 14490252;3;13.10.2020 08:44:53;8,75;mg/l;Ox;20,3;°C;Temp;AR;+++;SC-FDO 925   14450243   t90 = 30 s;FDO 925; 14480154;
inoLab Multi 9430; 14490252;3;13.10.2020 08:44:58;8,77;mg/l;Ox;20,3;°C;Temp;AR;+++;SC-FDO 925   14450243   t90 = 30 s;FDO 925; 14480154;
inoLab Multi 9430; 14490252;3;13.10.2020 08:45:03;8,77;mg/l;Ox;20,3;°C;Temp;AR;+++;SC-FDO 925   14450243   t90 = 30 s;FDO 925; 14480154;
inoLab Multi 9430; 14490252;3;13.10.2020 08:45:08;8,78;mg/l;Ox;20,3;°C;Temp;AR;+++;SC-FDO 925   14450243   t90 = 30 s;FDO 925; 14480154;
